{"current": {"rms": [1.4142135623730951, 1.4142135623730951, 1.4142135623730951, 1.4142135623730951, 1.4142135623730951, 1.4142135623730951, 1.4142135623730951, 1.4142135623730951, 1.4142135623730951, 1.4142135623730951, 1.4142135623730951, 1.4142135623730951, 1.4142135623730951, 1.4142135623730951, 1.4142135623730951, 1.4142135623730951, 1.4142135623730951, 1.4142135623730951, 1.4142135623730951, 1.4142135623730951, 1.4142135623730951, 1.4142135623730951, 1.4142135623730951, 1.4142135623730951, 1.4142135623730951, 1.4142135623730951, 1.4142135623730951, 1.4142135623730951], "mean": [6.106226635438361e-17, 6.106226635438361e-17, 6.106226635438361e-17, 6.106226635438361e-17, 6.106226635438361e-17, 6.106226635438361e-17, 6.106226635438361e-17, 6.106226635438361e-17, 6.106226635438361e-17, 6.106226635438361e-17, 6.106226635438361e-17, 6.106226635438361e-17, 6.106226635438361e-17, 6.106226635438361e-17, 6.106226635438361e-17, 6.106226635438361e-17, 6.106226635438361e-17, 6.106226635438361e-17, 6.106226635438361e-17, 6.106226635438361e-17, 6.106226635438361e-17, 6.106226635438361e-17, 6.106226635438361e-17, 6.106226635438361e-17, 6.106226635438361e-17, 6.106226635438361e-17, 6.106226635438361e-17, 6.1062266354383615e-17]}, "voltage": {"rms": [3.5355339059327378, 3.5355339059327378, 3.5355339059327378, 3.5355339059327378, 3.5355339059327378, 3.5355339059327378, 3.5355339059327378, 3.5355339059327378, 3.5355339059327378, 3.5355339059327378, 3.5355339059327378, 3.5355339059327378, 3.5355339059327378, 3.5355339059327378, 3.5355339059327378, 3.5355339059327378, 3.5355339059327378, 3.5355339059327378, 3.5355339059327378, 3.5355339059327378, 3.5355339059327378, 3.5355339059327378, 3.5355339059327378, 3.5355339059327378, 3.5355339059327378, 3.5355339059327378, 3.5355339059327378, 3.5355339059327378], "mean": [0.0, 0.0, 0.0, 0.0, 0.0, 0.0, 0.0, 0.0, 0.0, 0.0, 0.0, 0.0, 0.0, 0.0, 0.0, 0.0, 0.0, 0.0, 0.0, 0.0, 0.0, 0.0, 0.0, 0.0, 0.0, 0.0, 0.0, 0.0]}}