{"power_factor": [1.0000000000000002, 1.0000000000000002, 1.0000000000000002, 1.0000000000000002, 1.0000000000000002, 1.0000000000000002, 1.0000000000000002, 1.0000000000000002, 1.0000000000000002, 1.0000000000000002, 1.0000000000000002, 1.0000000000000002, 1.0000000000000002, 1.0000000000000002, 1.0000000000000002, 1.0000000000000002, 1.0000000000000002, 1.0000000000000002, 1.0000000000000002, 1.0000000000000002, 1.0000000000000002, 1.0000000000000002, 1.0000000000000002, 1.0000000000000002, 1.0000000000000002, 1.0000000000000002, 1.0000000000000002, 1.0000000000000002, 1.0000000000000002, 1.0000000000000002, 1.0000000000000002, 1.0000000000000002, 1.0000000000000002, 1.0000000000000002, 1.0000000000000002, 1.0000000000000002, 1.0000000000000002, 1.0000000000000002, 1.0000000000000002, 1.0000000000000002, 1.0000000000000002, 1.0000000000000002, 1.0000000000000002, 1.0000000000000002, 1.0000000000000002, 1.0000000000000002, 1.0000000000000002, 1.0000000000000002, 1.0000000000000002, 1.0000000000000002, 1.0000000000000002, 1.0000000000000002, 1.0000000000000002, 1.0000000000000002], "current_mean": [6.106226635438361e-17, 6.106226635438361e-17, 6.106226635438361e-17, 6.106226635438361e-17, 6.106226635438361e-17, 6.106226635438361e-17, 6.106226635438361e-17, 6.106226635438361e-17, 6.106226635438361e-17, 6.106226635438361e-17, 6.106226635438361e-17, 6.106226635438361e-17, 6.106226635438361e-17, 6.106226635438361e-17, 6.106226635438361e-17, 6.106226635438361e-17, 6.106226635438361e-17, 6.106226635438361e-17, 6.106226635438361e-17, 6.106226635438361e-17, 6.106226635438361e-17, 6.106226635438361e-17, 6.106226635438361e-17, 6.106226635438361e-17, 6.106226635438361e-17, 6.106226635438361e-17, 6.106226635438361e-17, 6.106226635438361e-17, 6.106226635438361e-17, 6.106226635438361e-17, 6.106226635438361e-17, 6.106226635438361e-17, 6.106226635438361e-17, 6.106226635438361e-17, 6.106226635438361e-17, 6.106226635438361e-17, 6.106226635438361e-17, 6.106226635438361e-17, 6.106226635438361e-17, 6.106226635438361e-17, 6.106226635438361e-17, 6.106226635438361e-17, 6.106226635438361e-17, 6.106226635438361e-17, 6.106226635438361e-17, 6.106226635438361e-17, 6.106226635438361e-17, 6.106226635438361e-17, 6.106226635438361e-17, 6.106226635438361e-17, 6.106226635438361e-17, 6.106226635438361e-17, 6.106226635438361e-17, 6.106226635438361e-17], "power_apparent": [5.000000000000001, 5.000000000000001, 5.000000000000001, 5.000000000000001, 5.000000000000001, 5.000000000000001, 5.000000000000001, 5.000000000000001, 5.000000000000001, 5.000000000000001, 5.000000000000001, 5.000000000000001, 5.000000000000001, 5.000000000000001, 5.000000000000001, 5.000000000000001, 5.000000000000001, 5.000000000000001, 5.000000000000001, 5.000000000000001, 5.000000000000001, 5.000000000000001, 5.000000000000001, 5.000000000000001, 5.000000000000001, 5.000000000000001, 5.000000000000001, 5.000000000000001, 5.000000000000001, 5.000000000000001, 5.000000000000001, 5.000000000000001, 5.000000000000001, 5.000000000000001, 5.000000000000001, 5.000000000000001, 5.000000000000001, 5.000000000000001, 5.000000000000001, 5.000000000000001, 5.000000000000001, 5.000000000000001, 5.000000000000001, 5.000000000000001, 5.000000000000001, 5.000000000000001, 5.000000000000001, 5.000000000000001, 5.000000000000001, 5.000000000000001, 5.000000000000001, 5.000000000000001, 5.000000000000001, 5.0000000000000009], "power_active": [5.000000000000002, 5.000000000000002, 5.000000000000002, 5.000000000000002, 5.000000000000002, 5.000000000000002, 5.000000000000002, 5.000000000000002, 5.000000000000002, 5.000000000000002, 5.000000000000002, 5.000000000000002, 5.000000000000002, 5.000000000000002, 5.000000000000002, 5.000000000000002, 5.000000000000002, 5.000000000000002, 5.000000000000002, 5.000000000000002, 5.000000000000002, 5.000000000000002, 5.000000000000002, 5.000000000000002, 5.000000000000002, 5.000000000000002, 5.000000000000002, 5.000000000000002, 5.000000000000002, 5.000000000000002, 5.000000000000002, 5.000000000000002, 5.000000000000002, 5.000000000000002, 5.000000000000002, 5.000000000000002, 5.000000000000002, 5.000000000000002, 5.000000000000002, 5.000000000000002, 5.000000000000002, 5.000000000000002, 5.000000000000002, 5.000000000000002, 5.000000000000002, 5.000000000000002, 5.000000000000002, 5.000000000000002, 5.000000000000002, 5.000000000000002, 5.000000000000002, 5.000000000000002, 5.000000000000002, 5.0000000000000018], "current_rms": [1.4142135623730951, 1.4142135623730951, 1.4142135623730951, 1.4142135623730951, 1.4142135623730951, 1.4142135623730951, 1.4142135623730951, 1.4142135623730951, 1.4142135623730951, 1.4142135623730951, 1.4142135623730951, 1.4142135623730951, 1.4142135623730951, 1.4142135623730951, 1.4142135623730951, 1.4142135623730951, 1.4142135623730951, 1.4142135623730951, 1.4142135623730951, 1.4142135623730951, 1.4142135623730951, 1.4142135623730951, 1.4142135623730951, 1.4142135623730951, 1.4142135623730951, 1.4142135623730951, 1.4142135623730951, 1.4142135623730951, 1.4142135623730951, 1.4142135623730951, 1.4142135623730951, 1.4142135623730951, 1.4142135623730951, 1.4142135623730951, 1.4142135623730951, 1.4142135623730951, 1.4142135623730951, 1.4142135623730951, 1.4142135623730951, 1.4142135623730951, 1.4142135623730951, 1.4142135623730951, 1.4142135623730951, 1.4142135623730951, 1.4142135623730951, 1.4142135623730951, 1.4142135623730951, 1.4142135623730951, 1.4142135623730951, 1.4142135623730951, 1.4142135623730951, 1.4142135623730951, 1.4142135623730951, 1.4142135623730951], "voltage_rms": [3.5355339059327378, 3.5355339059327378, 3.5355339059327378, 3.5355339059327378, 3.5355339059327378, 3.5355339059327378, 3.5355339059327378, 3.5355339059327378, 3.5355339059327378, 3.5355339059327378, 3.5355339059327378, 3.5355339059327378, 3.5355339059327378, 3.5355339059327378, 3.5355339059327378, 3.5355339059327378, 3.5355339059327378, 3.5355339059327378, 3.5355339059327378, 3.5355339059327378, 3.5355339059327378, 3.5355339059327378, 3.5355339059327378, 3.5355339059327378, 3.5355339059327378, 3.5355339059327378, 3.5355339059327378, 3.5355339059327378, 3.5355339059327378, 3.5355339059327378, 3.5355339059327378, 3.5355339059327378, 3.5355339059327378, 3.5355339059327378, 3.5355339059327378, 3.5355339059327378, 3.5355339059327378, 3.5355339059327378, 3.5355339059327378, 3.5355339059327378, 3.5355339059327378, 3.5355339059327378, 3.5355339059327378, 3.5355339059327378, 3.5355339059327378, 3.5355339059327378, 3.5355339059327378, 3.5355339059327378, 3.5355339059327378, 3.5355339059327378, 3.5355339059327378, 3.5355339059327378, 3.5355339059327378, 3.5355339059327378], "voltage_mean": [0.0, 0.0, 0.0, 0.0, 0.0, 0.0, 0.0, 0.0, 0.0, 0.0, 0.0, 0.0, 0.0, 0.0, 0.0, 0.0, 0.0, 0.0, 0.0, 0.0, 0.0, 0.0, 0.0, 0.0, 0.0, 0.0, 0.0, 0.0, 0.0, 0.0, 0.0, 0.0, 0.0, 0.0, 0.0, 0.0, 0.0, 0.0, 0.0, 0.0, 0.0, 0.0, 0.0, 0.0, 0.0, 0.0, 0.0, 0.0, 0.0, 0.0, 0.0, 0.0, 0.0, 0.0]}