{"power_factor": [1.0000000000000022, 1.0000000000000022, 1.0000000000000022, 1.0000000000000022, 1.0000000000000022, 1.0000000000000022, 1.0000000000000022], "current_mean": [2.521073627637094e-16, 2.521073627637094e-16, 2.521073627637094e-16, 2.521073627637094e-16, 2.521073627637094e-16, 2.521073627637094e-16, 2.521073627637094e-16], "power_apparent": [894.5199999999998, 894.5199999999998, 894.5199999999998, 894.5199999999998, 894.5199999999998, 894.5199999999998, 894.51999999999975], "power_active": [894.5200000000018, 894.5200000000018, 894.5200000000018, 894.5200000000018, 894.5200000000018, 894.5200000000018, 894.5200000000018], "current_rms": [5.374011537017761, 5.374011537017761, 5.374011537017761, 5.374011537017761, 5.374011537017761, 5.374011537017761, 5.374011537017761], "voltage_rms": [166.45293629131325, 166.45293629131325, 166.45293629131325, 166.45293629131325, 166.45293629131325, 166.45293629131325, 166.45293629131325], "voltage_mean": [-2.8898550219480514e-14, -2.8898550219480514e-14, -2.8898550219480514e-14, -2.8898550219480514e-14, -2.8898550219480514e-14, -2.8898550219480514e-14, -2.8898550219480514e-14]}