{"power_factor": 0.70710678118654802, "current_mean": 2.4191496081183215, "power_apparent": 632.52115790699042, "power_active": 447.26000000000028, "current_rms": 3.8000000000000007, "voltage_rms": 166.45293629131325, "voltage_mean": -2.8898550219480514e-14}