{"power_factor": -4.4877446811537871e-17, "current_mean": 4.8382992162366394, "power_apparent": 894.51999999999975, "power_active": -4.0143773721856848e-14, "current_rms": 5.3740115370177612, "voltage_rms": 166.45293629131325, "voltage_mean": -2.8898550219480514e-14}