{"power_factor": 1.0, "current_mean": 3.5915714846623813e-16, "power_apparent": 12.500000000000002, "power_active": 12.500000000000002, "current_rms": 3.5355339059327378, "voltage_rms": 3.5355339059327378, "voltage_mean": 3.5915714846623813e-16}